model,total_correct,skipped,total_questions,accuracy
gpt-3.5-turbo,7,0,14,0.500000
o3-mini,12,0,14,0.857143
gpt-4.1-nano,12,0,14,0.857143
gpt-4,13,0,14,0.928571
gpt-4o,11,0,14,0.785714
gpt-4o-mini,6,0,14,0.428571
gpt-5,14,0,14,1.000000
gpt-5.2,12,0,14,0.857143
